{"spec":1,"id":"20250113211027-mfq7l2r","name":"周期","keyValues":[{"key":{"id":"20250111205341-s78gx0f","name":"事件","type":"block","icon":"","desc":"","numberFormat":"","template":""}},{"key":{"id":"20250111205341-mdp0xme","name":"描述","type":"text","icon":"","desc":"","numberFormat":"","template":""},"values":[{"id":"20250111213556-mbgv4qs","keyID":"20250111205341-mdp0xme","blockID":"20241130141451-ykv7hpm","type":"text","createdAt":1736602562815,"updatedAt":1736773939468,"text":{"content":"测试周期描述"}}]},{"key":{"id":"20250111213539-gqa6ncr","name":"开始时间","type":"date","icon":"","desc":"","numberFormat":"","template":""},"values":[{"id":"20250111213539-xwguvu3","keyID":"20250111213539-gqa6ncr","blockID":"20241130141451-ykv7hpm","type":"date","createdAt":1736602543022,"updatedAt":1736654650224,"date":{"content":1736559840000,"isNotEmpty":true,"hasEndDate":false,"isNotTime":false,"content2":1737906600000,"isNotEmpty2":true,"formattedContent":""}}]},{"key":{"id":"20250111213639-v1l2rm9","name":"重复规则","type":"text","icon":"","desc":"使用 iCalendar 重复规则（若不知如何使用请百度）","numberFormat":"","template":""},"values":[{"id":"20250111213640-3jjkfq4","keyID":"20250111213639-v1l2rm9","blockID":"20241130141451-ykv7hpm","type":"text","createdAt":1736602622191,"updatedAt":1736695290814,"text":{"content":"FREQ=WEEKLY;INTERVAL=2"}}]},{"key":{"id":"20250111223956-yoyvzft","name":"持续时间","type":"number","icon":"","desc":"","numberFormat":"","template":""},"values":[{"id":"20250111223957-guiuwvw","keyID":"20250111223956-yoyvzft","blockID":"20241130141451-ykv7hpm","type":"number","createdAt":1736606403603,"updatedAt":1736691230263,"number":{"content":2,"isNotEmpty":true,"format":"","formattedContent":"2"}}]}],"keyIDs":null,"viewID":"20250111205341-4m4msom","views":[{"id":"20250111205341-4m4msom","icon":"","name":"表格","hideAttrViewName":false,"desc":"","type":"table","table":{"spec":0,"id":"20250111205341-73o6zk9","columns":[{"id":"20250111205341-s78gx0f","wrap":false,"hidden":false,"pin":false,"width":"93px"},{"id":"20250111213539-gqa6ncr","wrap":false,"hidden":false,"pin":false,"width":"160px"},{"id":"20250111223956-yoyvzft","wrap":false,"hidden":false,"pin":false,"width":"26px"},{"id":"20250111213639-v1l2rm9","wrap":false,"hidden":false,"pin":false,"width":"203px"},{"id":"20250111205341-mdp0xme","wrap":false,"hidden":false,"pin":false,"width":"146px"}],"rowIds":["20241130141451-ykv7hpm"],"filters":[],"sorts":[],"pageSize":50}}]}