{"spec":1,"id":"20250127173653-uhtw547","name":"日程","keyValues":[{"key":{"id":"20241213113357-svieuq5","name":"事件","type":"block","icon":"","desc":"","numberFormat":"","template":""},"values":[{"id":"20250113200906-u6b2gde","keyID":"20241213113357-svieuq5","blockID":"20250113200906-i6f48vx","type":"block","isDetached":true,"createdAt":1736770146627,"updatedAt":1737970872010,"block":{"id":"20250113200906-i6f48vx","icon":"","content":"测试","created":1736770146627,"updated":1737970872010}},{"id":"20250127174011-stipdr5","keyID":"20241213113357-svieuq5","blockID":"20250127174010-hzxck4y","type":"block","isDetached":true,"createdAt":1737970811314,"updatedAt":1737970866333,"block":{"id":"20250127174010-hzxck4y","icon":"","content":"测试关联","created":1737970811314,"updated":1737970866333}}]},{"key":{"id":"20241213113357-mw9230g","name":"开始时间","type":"date","icon":"","desc":"","numberFormat":"","template":""},"values":[{"id":"20241213113602-am369cr","keyID":"20241213113357-mw9230g","blockID":"20241002230817-klzb7u1","type":"date","createdAt":1734060979737,"updatedAt":1734085829529,"date":{"content":1734060960000,"isNotEmpty":true,"hasEndDate":true,"isNotTime":false,"content2":1734046680000,"isNotEmpty2":true,"formattedContent":""}},{"id":"20241213124948-22wvoqt","keyID":"20241213113357-mw9230g","blockID":"20241213113421-prrbto9","type":"date","createdAt":1734065399165,"updatedAt":1736259986101,"date":{"content":1734126540000,"isNotEmpty":true,"hasEndDate":true,"isNotTime":false,"content2":1734065340000,"isNotEmpty2":true,"formattedContent":""}},{"id":"20250113200906-i6f48vx","keyID":"20241213113357-mw9230g","blockID":"20250113200906-i6f48vx","type":"date","createdAt":1736770156002,"updatedAt":1737970627202,"date":{"content":1738066140000,"isNotEmpty":true,"hasEndDate":true,"isNotTime":false,"content2":1738152540000,"isNotEmpty2":true,"formattedContent":""}},{"id":"20250127174022-jbiclcl","keyID":"20241213113357-mw9230g","blockID":"20250127174010-hzxck4y","type":"date","createdAt":1737970824096,"updatedAt":1737970825096,"date":{"content":1737970800000,"isNotEmpty":true,"hasEndDate":false,"isNotTime":true,"content2":0,"isNotEmpty2":false,"formattedContent":""}}]},{"key":{"id":"20241213113836-oyoy83j","name":"描述","type":"text","icon":"","desc":"","numberFormat":"","template":""},"values":[{"id":"20241213123653-nqqa1um","keyID":"20241213113836-oyoy83j","blockID":"20241002230817-klzb7u1","type":"text","createdAt":1734064614923,"updatedAt":1734265321474,"text":{"content":"测试日历插件"}},{"id":"20241213124959-pifzx34","keyID":"20241213113836-oyoy83j","blockID":"20241213113421-prrbto9","type":"text","createdAt":1734065403965,"updatedAt":1736259407974,"text":{"content":"22323453524234"}},{"id":"20250113200931-vt1koaw","keyID":"20241213113836-oyoy83j","blockID":"20250113200906-i6f48vx","type":"text","createdAt":1736770211064,"updatedAt":1736770212064,"text":{"content":"测试描述"}},{"id":"20250127174024-fxtr0rk","keyID":"20241213113836-oyoy83j","blockID":"20250127174010-hzxck4y","type":"text","createdAt":1737970832023,"updatedAt":1737970833023,"text":{"content":"测试关联"}}]},{"key":{"id":"20250111123406-3epoj13","name":"状态","type":"select","icon":"","desc":"","options":[{"name":"完成","color":"1","desc":""},{"name":"未完成","color":"2","desc":""},{"name":"进行中","color":"1","desc":""}],"numberFormat":"","template":""},"values":[{"id":"20250111123427-1utvnw8","keyID":"20250111123406-3epoj13","blockID":"20241002230817-klzb7u1","type":"select","createdAt":1736570069852,"updatedAt":1736570070852,"mSelect":[{"content":"完成","color":"1"}]},{"id":"20250111123824-vwfxxyc","keyID":"20250111123406-3epoj13","blockID":"20241213113421-prrbto9","type":"select","createdAt":1736570313195,"updatedAt":1736570314195,"mSelect":[{"content":"完成","color":"1"}]},{"id":"20250127173721-htijucn","keyID":"20250111123406-3epoj13","blockID":"20250113200906-i6f48vx","type":"select","createdAt":1736770149464,"updatedAt":1737970641240,"mSelect":[{"content":"未完成","color":"2"}]},{"id":"20250127174011-6kiyz2m","keyID":"20250111123406-3epoj13","blockID":"20250127174010-hzxck4y","type":"select","createdAt":1737970822386,"updatedAt":1737970823386,"mSelect":[{"content":"进行中","color":"1"}]}]},{"key":{"id":"20250127173837-3ecxi7v","name":"优先级","type":"select","icon":"","desc":"","options":[{"name":"高","color":"1","desc":""},{"name":"低","color":"2","desc":""},{"name":"中","color":"3","desc":""}],"numberFormat":"","template":""},"values":[{"id":"20250127174050-3cw0us7","keyID":"20250127173837-3ecxi7v","blockID":"20250113200906-i6f48vx","type":"select","createdAt":1737970862338,"updatedAt":1737970872010,"mSelect":[{"content":"中","color":"3"}]},{"id":"20250127174102-r7qksyn","keyID":"20250127173837-3ecxi7v","blockID":"20250127174010-hzxck4y","type":"select","createdAt":1737970866333,"updatedAt":1737970867333,"mSelect":[{"content":"低","color":"2"}]}]},{"key":{"id":"20250127173853-xxt1rhr","name":"分类","type":"select","icon":"","desc":"","options":[{"name":"生活","color":"1","desc":""},{"name":"学习","color":"2","desc":""}],"numberFormat":"","template":""},"values":[{"id":"20250127174034-5eurb9s","keyID":"20250127173853-xxt1rhr","blockID":"20250113200906-i6f48vx","type":"select","createdAt":1737970845596,"updatedAt":1737970846596,"mSelect":[{"content":"生活","color":"1"}]},{"id":"20250127174045-tqdqvs4","keyID":"20250127173853-xxt1rhr","blockID":"20250127174010-hzxck4y","type":"select","createdAt":1737970850027,"updatedAt":1737970851027,"mSelect":[{"content":"学习","color":"2"}]}]},{"key":{"id":"20250127173914-ylro5bl","name":"关联","type":"relation","icon":"","desc":"","numberFormat":"","template":"","relation":{"avID":"20250127173653-uhtw547","isTwoWay":false,"backKeyID":""}},"values":[{"id":"20250127174032-edt9g5j","keyID":"20250127173914-ylro5bl","blockID":"20250113200906-i6f48vx","type":"relation","createdAt":1737970834477,"updatedAt":1737970835477,"relation":{"blockIDs":["20250127174010-hzxck4y"],"contents":null}}]}],"keyIDs":["20241213113357-svieuq5","20241213113357-mw9230g","20241213113836-oyoy83j","20250111123406-3epoj13"],"viewID":"20250127174123-zblg654","views":[{"id":"20241213113357-tuugpcw","icon":"","name":"表格","hideAttrViewName":false,"desc":"","type":"table","table":{"spec":0,"id":"20241213113357-5fkirhm","columns":[{"id":"20250127173837-3ecxi7v","wrap":false,"hidden":false,"pin":false,"width":""},{"id":"20250127173853-xxt1rhr","wrap":false,"hidden":false,"pin":false,"width":"106px"},{"id":"20241213113357-svieuq5","wrap":false,"hidden":false,"pin":false,"width":"100px"},{"id":"20250127173914-ylro5bl","wrap":false,"hidden":false,"pin":false,"width":""},{"id":"20250111123406-3epoj13","wrap":false,"hidden":false,"pin":false,"width":"82px"},{"id":"20241213113357-mw9230g","wrap":false,"hidden":false,"pin":false,"width":"264px"},{"id":"20241213113836-oyoy83j","wrap":false,"hidden":false,"pin":false,"width":"127px"}],"rowIds":["20250113200906-i6f48vx","20250127174010-hzxck4y","20241002230817-klzb7u1","20241213113421-prrbto9"],"filters":[],"sorts":[],"pageSize":50}},{"id":"20250127174123-zblg654","icon":"","name":"生活","hideAttrViewName":false,"desc":"","type":"table","table":{"spec":0,"id":"20250127174124-i6uu8lc","columns":[{"id":"20250127173837-3ecxi7v","wrap":false,"hidden":false,"pin":false,"width":""},{"id":"20250127173853-xxt1rhr","wrap":false,"hidden":false,"pin":false,"width":""},{"id":"20241213113357-svieuq5","wrap":false,"hidden":false,"pin":false,"width":""},{"id":"20250127173914-ylro5bl","wrap":false,"hidden":false,"pin":false,"width":""},{"id":"20250111123406-3epoj13","wrap":false,"hidden":false,"pin":false,"width":""},{"id":"20241213113357-mw9230g","wrap":false,"hidden":false,"pin":false,"width":""},{"id":"20241213113836-oyoy83j","wrap":false,"hidden":false,"pin":false,"width":""}],"rowIds":["20250113200906-i6f48vx","20250127174010-hzxck4y","20241002230817-klzb7u1","20241213113421-prrbto9"],"filters":[{"column":"20250127173853-xxt1rhr","operator":"=","value":{"type":"select","mSelect":[{"content":"生活","color":"1"}]},"relativeDate":null,"relativeDate2":null}],"sorts":[],"pageSize":50}}]}