{"spec":1,"id":"20250113211027-zzh6juo","name":"日程","keyValues":[{"key":{"id":"20241213113357-svieuq5","name":"事件","type":"block","icon":"","desc":"","numberFormat":"","template":""},"values":[{"id":"20250113200906-u6b2gde","keyID":"20241213113357-svieuq5","blockID":"20250113200906-i6f48vx","type":"block","isDetached":true,"createdAt":1736770146627,"updatedAt":1736770211064,"block":{"id":"20250113200906-i6f48vx","icon":"","content":"测试","created":1736770146627,"updated":1736770211064}}]},{"key":{"id":"20241213113357-mw9230g","name":"开始时间","type":"date","icon":"","desc":"","numberFormat":"","template":""},"values":[{"id":"20241213113602-am369cr","keyID":"20241213113357-mw9230g","blockID":"20241002230817-klzb7u1","type":"date","createdAt":1734060979737,"updatedAt":1734085829529,"date":{"content":1734060960000,"isNotEmpty":true,"hasEndDate":true,"isNotTime":false,"content2":1734046680000,"isNotEmpty2":true,"formattedContent":""}},{"id":"20241213124948-22wvoqt","keyID":"20241213113357-mw9230g","blockID":"20241213113421-prrbto9","type":"date","createdAt":1734065399165,"updatedAt":1736259986101,"date":{"content":1734126540000,"isNotEmpty":true,"hasEndDate":true,"isNotTime":false,"content2":1734065340000,"isNotEmpty2":true,"formattedContent":""}},{"id":"20250113200914-z4i4i0z","keyID":"20241213113357-mw9230g","blockID":"20250113200906-i6f48vx","type":"date","createdAt":1736770156002,"updatedAt":1736770171208,"date":{"content":1736770140000,"isNotEmpty":true,"hasEndDate":true,"isNotTime":false,"content2":1736856540000,"isNotEmpty2":true,"formattedContent":""}}]},{"key":{"id":"20241213113836-oyoy83j","name":"描述","type":"text","icon":"","desc":"","numberFormat":"","template":""},"values":[{"id":"20241213123653-nqqa1um","keyID":"20241213113836-oyoy83j","blockID":"20241002230817-klzb7u1","type":"text","createdAt":1734064614923,"updatedAt":1734265321474,"text":{"content":"测试日历插件"}},{"id":"20241213124959-pifzx34","keyID":"20241213113836-oyoy83j","blockID":"20241213113421-prrbto9","type":"text","createdAt":1734065403965,"updatedAt":1736259407974,"text":{"content":"22323453524234"}},{"id":"20250113200931-vt1koaw","keyID":"20241213113836-oyoy83j","blockID":"20250113200906-i6f48vx","type":"text","createdAt":1736770211064,"updatedAt":1736770212064,"text":{"content":"测试描述"}}]},{"key":{"id":"20250111123406-3epoj13","name":"状态","type":"select","icon":"","desc":"","options":[{"name":"完成","color":"1","desc":""},{"name":"未完成","color":"2","desc":""}],"numberFormat":"","template":""},"values":[{"id":"20250111123427-1utvnw8","keyID":"20250111123406-3epoj13","blockID":"20241002230817-klzb7u1","type":"select","createdAt":1736570069852,"updatedAt":1736570070852,"mSelect":[{"content":"完成","color":"1"}]},{"id":"20250111123824-vwfxxyc","keyID":"20250111123406-3epoj13","blockID":"20241213113421-prrbto9","type":"select","createdAt":1736570313195,"updatedAt":1736570314195,"mSelect":[{"content":"完成","color":"1"}]},{"id":"20250113200906-qrc5f6d","keyID":"20250111123406-3epoj13","blockID":"20250113200906-i6f48vx","type":"select","createdAt":1736770149464,"updatedAt":1736770150464,"mSelect":[{"content":"完成","color":"1"}]}]}],"keyIDs":["20241213113357-svieuq5","20241213113357-mw9230g","20241213113836-oyoy83j","20250111123406-3epoj13"],"viewID":"20241213113357-tuugpcw","views":[{"id":"20241213113357-tuugpcw","icon":"","name":"表格","hideAttrViewName":false,"desc":"","type":"table","table":{"spec":0,"id":"20241213113357-5fkirhm","columns":[{"id":"20241213113357-svieuq5","wrap":false,"hidden":false,"pin":false,"width":"100px"},{"id":"20241213113357-mw9230g","wrap":false,"hidden":false,"pin":false,"width":"264px"},{"id":"20241213113836-oyoy83j","wrap":false,"hidden":false,"pin":false,"width":"127px"},{"id":"20250111123406-3epoj13","wrap":false,"hidden":false,"pin":false,"width":"82px"}],"rowIds":["20250113200906-i6f48vx","20241002230817-klzb7u1","20241213113421-prrbto9"],"filters":[],"sorts":[],"pageSize":50}}]}